,A1,A2,Freq1,Freq2
rs10492166,G,A,0.504,0.496
rs11170466,C,T,0.937,0.063
rs4759229,G,A,0.664,0.336
rs653178,T,C,0.534,0.466
rs4948088,C,A,0.973,0.027
rs12708716,A,G,0.641,0.359
rs9924471,G,A,0.852,0.148
rs144337854,G,A,0.994,0.006
rs9268500,C,T,0.946,0.054
rs16822632,G,A,0.992,0.008
rs9271346,T,C,0.836,0.164
rs1281935,G,T,0.947,0.053
rs1281934,A,G,0.970,0.030
rs9405117,C,A,0.989,0.011
rs9469200,T,C,0.898,0.102
rs17843689,C,T,0.834,0.166
rs17211699,G,T,0.905,0.095
rs117806464,G,A,0.997,0.003
rs9273369,T,C,0.898,0.102
rs28746898,A,G,0.961,0.039
rs9275437,C,T,0.896,0.104
rs62406889,G,T,0.938,0.062
rs10947332,G,A,0.864,0.136
rs3129727,C,T,0.970,0.030
rs12527228,C,T,0.943,0.057
rs2567287,G,A,0.992,0.008
rs17388568,G,A,0.708,0.292
rs5763779,G,A,0.615,0.385
rs229541,G,A,0.576,0.424
rs2476601,G,A,0.906,0.094
rs3024505,G,A,0.832,0.168
rs9585056,T,C,0.765,0.235
rs144309607,C,T,0.969,0.031
rs425105,T,C,0.827,0.173
rs74278191,G,T,0.738,0.262
rs56994090,T,C,0.598,0.402
rs1893217,A,G,0.859,0.141
rs1615504,C,T,0.522,0.478
rs9500974,G,T,0.993,0.007
rs72848653,C,T,0.910,0.089
rs9259118,C,T,0.848,0.152
rs144530872,G,A,0.955,0.045
rs12153924,G,A,0.688,0.312
rs12189871,C,T,0.902,0.098
rs9266286,C,T,0.962,0.038
rs16899379,G,A,0.994,0.006
rs149663102,G,-,0.958,0.042
rs2524277,G,A,0.938,0.062
rs75658393,T,C,0.982,0.018
rs9268577,C,T,0.975,0.025
rs6934289,T,C,0.882,0.118
rs17214657,T,C,0.957,0.043
rs9378176,A,G,0.976,0.024
rs3129197,G,A,0.812,0.188
rs72928038,G,A,0.820,0.180
rs9388489,A,G,0.550,0.450
rs1738074,C,T,0.567,0.433
rs61839660,C,T,0.930,0.070
rs41295121,C,T,0.988,0.012
rs60888743,A,G,0.752,0.247
rs72727394,C,T,0.801,0.199
rs2289702,C,T,0.895,0.105
rs2111485,G,A,0.602,0.398
rs3087243,G,A,0.530,0.470
rs2281808,C,T,0.657,0.343
rs3842753,G,T,0.726,0.274
rs10116772,C,A,0.554,0.446
