,A1,A2,Freq1,Freq2
rs3768321,G,T,0.812,0.188
rs58432198,C,T,0.883,0.117
rs12140153,G,T,0.933,0.067
rs184660829,T,C,0.998,0.002
rs1127215,C,T,0.607,0.393
rs1493694,C,T,0.890,0.110
rs10305745,G,A,0.994,0.006
rs145904381,T,C,0.982,0.018
rs539515,A,C,0.816,0.184
rs12048743,C,G,0.562,0.438
rs9430095,G,C,0.536,0.464
rs79687284,G,C,0.949,0.051
rs340874,C,T,0.531,0.469
rs114526150,T,G,0.978,0.022
rs2820446,C,G,0.714,0.286
rs348330,A,G,0.642,0.358
rs291367,G,A,0.625,0.375
rs11257655,C,T,0.773,0.227
rs177045,A,G,0.669,0.331
rs61850200,G,C,0.704,0.296
rs41277236,C,T,0.943,0.057
rs2642588,G,T,0.705,0.295
rs703972,G,C,0.547,0.453
rs1317617,G,A,0.802,0.198
rs11202627,C,T,0.866,0.134
rs7078559,T,C,0.616,0.384
rs10882101,T,C,0.573,0.427
rs1112718,A,G,0.607,0.393
rs536643418,C,G,0.995,0.005
rs140242150,G,A,0.997,0.003
rs7918400,C,T,0.542,0.458
rs184509201,C,G,0.974,0.026
rs180988137,A,G,0.991,0.009
rs78025551,C,G,0.856,0.144
rs7903146,C,T,0.683,0.317
rs34855922,A,G,0.722,0.278
rs72631105,G,A,0.817,0.183
rs2280141,T,G,0.533,0.467
rs12802972,G,A,0.571,0.429
rs11042596,G,T,0.619,0.381
rs4929965,G,A,0.642,0.358
rs4930091,C,T,0.754,0.245
rs2283164,A,G,0.936,0.064
rs231349,C,T,0.880,0.120
rs231361,G,A,0.756,0.243
rs2283220,A,G,0.679,0.321
rs234853,A,G,0.736,0.264
rs2237895,A,C,0.581,0.419
rs2237897,C,T,0.953,0.047
rs445084,A,G,0.684,0.316
rs141521721,C,A,0.974,0.026
rs4923543,G,A,0.655,0.345
rs145678014,G,T,0.969,0.031
rs286925,G,A,0.826,0.174
rs2767036,A,C,0.704,0.296
rs1061810,C,A,0.697,0.303
rs1783541,C,T,0.805,0.195
rs11820019,T,C,0.968,0.032
rs10830963,C,G,0.712,0.288
rs10893829,T,C,0.802,0.198
rs10750397,G,A,0.729,0.271
rs112595469,C,T,0.975,0.025
rs555759341,G,C,0.999,0.001
rs80102379,G,T,0.971,0.029
rs67254669,A,G,0.996,0.004
rs7943101,C,T,0.885,0.115
rs7115753,G,A,0.522,0.478
rs7124681,C,A,0.579,0.421
rs61881115,G,A,0.832,0.168
rs77464186,A,C,0.849,0.151
rs57235767,C,T,0.674,0.326
rs67232546,C,T,0.793,0.207
rs10848958,C,T,0.813,0.187
rs11063028,T,C,0.822,0.178
rs4238013,T,C,0.802,0.198
rs3217792,C,T,0.903,0.097
rs76895963,T,G,0.976,0.024
rs3217860,A,G,0.738,0.262
rs2066827,T,G,0.757,0.242
rs718314,A,G,0.756,0.243
rs10842994,C,T,0.792,0.208
rs2258238,A,T,0.877,0.123
rs1042725,T,C,0.537,0.463
rs1796330,G,C,0.583,0.417
rs2197973,T,C,0.559,0.441
rs557027608,G,A,1.000,0.000
rs77864822,A,G,0.930,0.070
rs1426371,G,A,0.743,0.258
rs34965774,G,A,0.876,0.124
rs12578639,A,T,0.830,0.170
rs11065299,G,A,0.934,0.066
rs73226260,G,A,0.956,0.044
rs1800574,C,T,0.972,0.028
rs56348580,G,C,0.697,0.303
rs28638142,C,A,0.959,0.041
rs73224262,C,T,0.995,0.005
rs4148856,C,G,0.776,0.224
rs7978610,G,C,0.632,0.368
rs825452,A,G,0.562,0.438
rs12811407,G,A,0.704,0.296
rs34584161,A,G,0.764,0.236
rs11842871,G,T,0.739,0.261
rs576674,A,G,0.837,0.163
rs963740,A,T,0.728,0.272
rs9537803,T,C,0.770,0.230
rs9569864,C,T,0.849,0.151
rs9563615,A,T,0.727,0.273
rs76251711,A,G,0.988,0.012
rs1359790,G,A,0.733,0.267
rs7987740,T,C,0.615,0.385
rs4771648,G,A,0.688,0.312
rs17122772,C,G,0.816,0.184
rs17522122,G,T,0.511,0.489
rs8017808,G,T,0.729,0.271
rs17836088,G,C,0.794,0.206
rs8010382,A,G,0.527,0.473
rs62007683,G,T,0.648,0.352
rs8032939,T,C,0.758,0.242
rs34715063,T,C,0.872,0.128
rs11070332,G,A,0.611,0.389
rs543786825,C,T,0.999,0.001
rs2456530,C,T,0.894,0.106
rs528350911,C,G,0.997,0.003
rs117483894,A,G,0.966,0.034
rs8037894,G,C,0.590,0.410
rs7178762,T,C,0.548,0.452
rs4776970,A,T,0.622,0.378
rs13737,G,T,0.730,0.270
rs1005752,A,C,0.704,0.296
rs4932265,C,T,0.744,0.257
rs12910825,A,G,0.619,0.381
rs6600191,T,C,0.822,0.178
rs3751837,C,T,0.785,0.215
rs8046545,A,G,0.700,0.300
rs11642430,C,G,0.618,0.382
rs199795270,G,C,0.992,0.008
rs4281707,G,A,0.548,0.452
rs78020297,G,A,0.941,0.059
rs1421085,T,C,0.568,0.432
rs862320,C,T,0.579,0.421
rs72802342,C,A,0.919,0.081
rs3115960,C,G,0.625,0.375
rs2925979,C,T,0.712,0.288
rs12920022,T,A,0.875,0.125
rs1043246,C,G,0.854,0.146
rs3826482,A,T,0.568,0.432
rs1377807,G,C,0.689,0.311
rs1641523,T,C,0.576,0.424
rs62059712,T,C,0.928,0.072
rs7222481,G,C,0.724,0.276
rs4925109,G,A,0.650,0.350
rs71372253,T,C,0.921,0.079
rs10962,G,C,0.802,0.198
rs2189301,G,A,0.885,0.115
rs10908278,A,T,0.523,0.477
rs34855406,G,C,0.743,0.258
rs35895680,C,A,0.701,0.299
rs569511541,A,G,1.000,0.000
rs2727301,T,C,0.781,0.219
rs60276348,C,T,0.851,0.149
rs11657492,T,G,0.908,0.092
rs558308082,G,C,0.999,0.001
rs61676547,G,C,0.785,0.215
rs7240767,T,C,0.618,0.382
rs62080313,T,C,0.860,0.140
rs76197067,A,G,1.000,0.000
rs72926932,A,C,0.932,0.068
rs28719468,T,C,0.846,0.154
rs17684074,G,C,0.748,0.253
rs9957145,G,A,0.828,0.172
rs523288,A,T,0.760,0.240
rs74452128,C,A,0.993,0.007
rs10469140,A,G,0.513,0.487
rs12454712,T,C,0.614,0.386
rs7249758,G,A,0.765,0.235
rs116953931,G,A,0.960,0.040
rs75253922,T,C,0.825,0.175
rs4804833,G,A,0.597,0.403
rs3111316,A,G,0.625,0.375
rs8107974,A,T,0.931,0.069
rs188247550,C,T,0.987,0.013
rs10406327,C,G,0.529,0.471
rs429358,T,C,0.845,0.155
rs10406431,A,G,0.547,0.453
rs2238689,T,C,0.572,0.428
rs533172266,C,T,0.999,0.001
rs3810291,A,G,0.663,0.337
rs62107261,T,C,0.955,0.045
rs35913461,C,T,0.826,0.174
rs11680058,A,G,0.865,0.135
rs17802463,G,T,0.734,0.266
rs1260326,C,T,0.590,0.410
rs28525376,T,G,0.622,0.378
rs6708643,G,A,0.505,0.495
rs80147536,A,T,0.919,0.081
rs10193538,T,G,0.600,0.400
rs6545714,A,G,0.618,0.382
rs243024,G,A,0.556,0.444
rs2249105,A,G,0.621,0.379
rs2052261,A,G,0.688,0.312
rs2028150,C,G,0.593,0.407
rs79046683,G,T,1.000,0.000
rs11688931,C,G,0.839,0.161
rs11688682,G,C,0.733,0.267
rs66477705,T,C,0.963,0.037
rs35999103,C,T,0.846,0.154
rs13426680,A,G,0.932,0.068
rs3772071,T,C,0.718,0.282
rs10195252,T,C,0.558,0.442
rs13024606,C,T,0.953,0.047
rs113414093,G,A,0.946,0.054
rs2972144,G,A,0.627,0.373
rs13041756,T,C,0.900,0.100
rs2268078,A,G,0.693,0.307
rs76811102,C,T,0.966,0.034
rs4810426,C,T,0.876,0.124
rs191830490,G,A,0.995,0.005
rs1800961,C,T,0.963,0.037
rs11696357,A,G,0.908,0.092
rs560716466,G,A,0.999,0.001
rs6063048,G,A,0.737,0.263
rs11699802,C,T,0.531,0.469
rs34454109,A,T,0.771,0.229
rs6070625,C,G,0.516,0.484
rs862016,A,G,0.939,0.061
rs6011155,T,C,0.633,0.367
rs59944054,G,A,0.753,0.246
rs6518681,G,A,0.935,0.065
rs117001013,C,T,0.932,0.068
rs5758223,A,G,0.734,0.266
rs738408,C,T,0.774,0.226
rs1801645,T,C,0.755,0.244
rs112915006,A,G,0.958,0.042
rs11709077,G,A,0.881,0.119
rs17819328,T,G,0.589,0.411
rs35352848,T,C,0.778,0.222
rs17013314,A,G,0.976,0.024
rs11926707,C,T,0.629,0.371
rs75423501,A,G,0.912,0.087
rs4688760,T,C,0.693,0.307
rs2581787,T,G,0.596,0.404
rs76263492,G,T,0.969,0.031
rs3774723,G,A,0.831,0.169
rs74368513,G,A,0.996,0.004
rs13085136,C,T,0.929,0.071
rs2272163,C,A,0.611,0.389
rs11708067,A,G,0.829,0.171
rs649961,C,T,0.548,0.452
rs559138871,C,T,0.999,0.001
rs62271373,T,A,0.938,0.062
rs13065698,A,G,0.592,0.408
rs74653713,C,A,0.958,0.042
rs35497231,T,C,0.691,0.309
rs2872246,C,A,0.573,0.427
rs6780171,T,A,0.696,0.304
rs150111048,A,G,0.696,0.304
rs11717959,G,T,0.621,0.379
rs1516728,A,T,0.756,0.243
rs3887925,T,C,0.546,0.454
rs4686471,C,T,0.604,0.396
rs9860730,A,G,0.701,0.299
rs9828772,C,G,0.903,0.097
rs7629630,A,T,0.851,0.149
rs9873618,G,A,0.712,0.288
rs7645517,G,A,0.931,0.069
rs111827885,T,C,0.968,0.032
rs1531583,G,T,0.955,0.045
rs35654957,T,C,0.619,0.381
rs56337234,C,T,0.529,0.471
rs362307,C,T,0.937,0.063
rs1801212,A,G,0.730,0.270
rs10937721,C,G,0.624,0.376
rs12640250,C,A,0.711,0.289
rs10938398,G,A,0.580,0.420
rs2102278,A,G,0.720,0.280
rs114447556,C,T,0.905,0.095
rs12642790,G,A,0.624,0.376
rs1903002,G,C,0.533,0.467
rs6821438,A,G,0.548,0.452
rs1580278,A,C,0.547,0.453
rs1296328,C,A,0.549,0.451
rs7669833,T,A,0.692,0.308
rs28819812,C,A,0.643,0.357
rs58730668,T,C,0.871,0.129
rs3845281,G,A,0.916,0.084
rs146886108,C,T,0.995,0.005
rs17250977,A,G,0.958,0.042
rs6885132,C,G,0.913,0.086
rs76549217,C,T,0.976,0.024
rs62368490,C,T,0.980,0.020
rs6884702,A,G,0.598,0.402
rs17261179,T,C,0.551,0.449
rs3811978,A,G,0.798,0.202
rs62357230,G,A,0.977,0.023
rs62370480,G,A,0.781,0.219
rs702634,A,G,0.694,0.306
rs279744,C,A,0.690,0.310
rs465002,T,C,0.709,0.291
rs2431115,G,A,0.546,0.454
rs9687832,G,A,0.807,0.193
rs96844,A,G,0.745,0.256
rs4976033,A,G,0.591,0.409
rs2307111,T,C,0.604,0.396
rs4457053,A,G,0.670,0.330
rs1316776,C,A,0.675,0.325
rs7719891,A,G,0.735,0.265
rs138337556,A,G,0.996,0.004
rs78408340,C,G,0.996,0.004
rs115505614,C,T,0.961,0.039
rs244665,A,G,0.701,0.299
rs329122,G,A,0.573,0.427
rs3934712,T,C,0.778,0.222
rs112498319,A,C,0.571,0.429
rs9379084,G,A,0.868,0.132
rs9505097,C,T,0.811,0.189
rs7756992,A,G,0.719,0.281
rs601945,A,G,0.844,0.156
rs77136196,C,T,0.974,0.026
rs2233632,T,C,0.693,0.307
rs34298980,C,T,0.501,0.499
rs11967262,G,C,0.506,0.494
rs6458354,T,C,0.700,0.300
rs3798519,A,C,0.818,0.182
rs2465043,G,A,0.624,0.376
rs4946812,G,A,0.697,0.303
rs11759026,A,G,0.746,0.255
rs2800733,A,G,0.748,0.253
rs9494624,G,A,0.739,0.261
rs2982521,T,A,0.615,0.385
rs616279,A,G,0.733,0.267
rs474513,A,G,0.517,0.483
rs4709746,C,T,0.874,0.126
rs17168486,C,T,0.834,0.166
rs10228066,T,C,0.508,0.492
rs2908334,T,C,0.660,0.340
rs78840640,C,G,0.977,0.023
rs4279506,G,C,0.569,0.431
rs1708302,T,C,0.502,0.498
rs917195,C,T,0.766,0.234
rs878521,G,A,0.747,0.254
rs116913033,C,T,0.843,0.157
rs56376556,C,T,0.966,0.034
rs11496066,T,C,0.803,0.197
rs62482405,T,G,0.918,0.082
rs39328,C,T,0.590,0.410
rs6976111,C,A,0.716,0.284
rs2268382,A,C,0.632,0.368
rs1562396,A,G,0.658,0.342
rs62492368,G,A,0.719,0.281
rs6459733,G,C,0.642,0.358
rs17689007,A,G,0.503,0.497
rs57327348,A,T,0.802,0.198
rs10096633,C,T,0.831,0.169
rs10954772,C,T,0.705,0.295
rs13262861,C,A,0.819,0.181
rs4736819,T,C,0.538,0.462
rs148766658,T,C,0.963,0.037
rs11786992,A,C,0.649,0.351
rs10097617,C,T,0.561,0.439
rs187936726,A,G,0.992,0.008
rs149364428,G,A,0.996,0.004
rs12680028,C,G,0.588,0.412
rs3802177,G,A,0.717,0.283
rs80244329,G,A,0.986,0.014
rs17772814,G,A,0.928,0.072
rs1561927,T,C,0.752,0.247
rs4977213,T,C,0.628,0.372
rs12719778,T,C,0.529,0.471
rs510807,C,A,0.521,0.479
rs79103584,T,A,0.993,0.007
rs10974438,A,C,0.616,0.384
rs7022807,A,G,0.628,0.372
rs7867635,T,C,0.573,0.427
rs7847880,C,T,0.848,0.152
rs1412830,C,T,0.637,0.363
rs76011118,G,A,0.968,0.032
rs10811660,G,A,0.832,0.168
rs10757283,C,T,0.561,0.439
rs1333052,A,C,0.687,0.313
rs1575972,T,A,0.968,0.032
rs1412234,T,C,0.692,0.308
rs12001437,T,C,0.617,0.383
rs11137820,C,G,0.587,0.413
rs17791513,A,G,0.939,0.061
rs2796441,G,A,0.585,0.415
rs55653563,A,C,0.732,0.268
rs12236906,T,C,0.987,0.013
rs505922,T,C,0.632,0.368
rs78403475,G,C,0.919,0.081
rs28505901,G,A,0.755,0.244
rs11793035,T,C,0.666,0.334
